sentence,topic,document
kanteljaar martin bossenbroek wil zwijgen slavernij kolonialisme rondom zuid afrika,Historical_colonialism/Slavery,Staat_slavernij.txt
wat relevante vervolgvragen onderzoeksonderwerpen beter inzicht komen koloniale slavernijverleden staat slavernij verkent waar koloniale betrokkenheid slavernij slavenhandel bestond atlantisch gebied indone sische archipel indische oceaan zelf,Historical_colonialism/Slavery,Staat_slavernij.txt
einde koloniale verleden vinden we referenties moderne slavernij hier bedoelde slavernij gedefinieerd,Historical_colonialism/Slavery,Staat_slavernij.txt
europese koloniale overheden georganiseerd juridisch systeem koloniale gebieden bewind voorlopers staat stonden werden grote schaal mensen vrijheid beroofd slaaf gemaakt arbeid gedwongen slavernij bestond combina tie andere vormen,Historical_colonialism/Slavery,Staat_slavernij.txt
we doorwerkingen staat slavernij doorwerkingen staat slavernij twee manieren opgevat ten eerste manieren waarop koloniale slavernij economisch maat schappelijk cultureel bestuurlijk invloed uitgeoefend mens samenleving vanaf periode wettelijk toegestane slavenhandel slavernij negentiende twintigste eenentwintigste eeuw ten tweede betrekking hedendaagse omgang,Historical_colonialism/Slavery,Staat_slavernij.txt
natuurlijke positie situatie betreft hoewel afgelopen levendige felle discussies gevoerd wens noodzaak staat slavernij term slaafgemaakte juist slaaf gebruiken lijkt balans inmiddels doorgeslagen ten faveure eerste hetzelfde geldt woord wit alternatief blank velen gevoelswaarde,Historical_colonialism/Slavery,Staat_slavernij.txt
ging geschiedschrijving vooral mensenhandel economische daarmee samenhangend geopolitie ke activiteit bezien vanuit volkomen neerlandocentrisch perspectief wat slavernij betrokken gebieden zelf werd verteld geschiedenis,Historical_colonialism/Slavery,Staat_slavernij.txt
slavernij verleden staat slavernij afrikaanse afkomst1 binnenlandse zaken koninkrijksrelaties,Historical_colonialism/Slavery,Staat_slavernij.txt
slaaf gemaakten naam utrecht kregen burgemeester femke halsema amsterdam dijksma voorgegaan dag emancipatie cariben rotterdamse burgemeester ahmed aboutaleb,Historical_colonialism/Slavery,Staat_slavernij.txt
slavernij monument zich vooral richten trans atlantische slavernij plaats,Historical_colonialism/Slavery,Staat_slavernij.txt
afgelopen vijftien twintig gezet gebied maakten overzichtelijke bestaande registraties betrekking slaven handel slavernij verwerkten digitaal onderzoeksmateriaal bekende voorbeelden kaart brengen sporen slavernij stedelijk niveau mappingslavery nl verwerken scheepsregisters grote databases slavevoyages org digitaliseren ontsluiten,Historical_colonialism/Slavery,Staat_slavernij.txt
vwo vmbo deed voorstellen toekomstige kerndoelen beperkte omvang waarin ter vervanging plantageslavernij abolitionisme,Historical_colonialism/Slavery,Staat_slavernij.txt
historici slavernij vanuit perspectief slaven abolitionisme besmette term,Historical_colonialism/Slavery,Staat_slavernij.txt
vanaf oudheid er meningsverschillen historici leerlingen voorgelegd zo er opdracht waarin gevraagd hoe historici soms verschillende verbinden gebruiken verschillende er andere reden auteurs forum gebruiken net meeste schoolboeken begrip slaaf gemaakte stellen ter discussie actuele vraagstukken tegenwoordig sommigen woord slaaf vermeden vervangen slaaf gemaakte,Historical_colonialism/Slavery,Staat_slavernij.txt
schrijvers boek vinden vanzelfsprekend slavernij onze ogen iets verkeerds slaven er zelf gekozen opdracht aanduiding zou zelf voorkeur geven waarom er steeds steeds beter aandacht slavernij verleden schoolboeken zien hoe hiervoor sprekend verleden combinatie tekst ruimte gecreëerd staat slavernij nadat schoolboeken sprekend verleden eerder beperkte aandacht besteedden,Historical_colonialism/Slavery,Staat_slavernij.txt
indië vervoerd mensenhandel bestond oudheid slaven werden pas 16e eeuw grote schaal europeanen verkocht trans atlantische grootschalige slavenhandel bepaalt beeld slavernij geschiedenis,Historical_colonialism/Slavery,Staat_slavernij.txt
dagang actuele vraagstukken rol voc waarbij dwangarbeiders werden ingezet bouwen forten laden lossen schepen genoci coen aanrichtte banda fase koloniale dominantie economisch gerelateerde slavernij waarbij sprake slavernij perbudakan dwangarbeid kerja paksa laat men vooral beginnen,Historical_colonialism/Slavery,Staat_slavernij.txt
plantage directeuren altijd even hardvochtig zo mochten slaven soms familie opzoeken weekend kregen daarvoor waterrijke suriname soms boot mee zulke informatie ontbreekt mijns inziens meestal activistische geschiedschrijving zich vooral richt verzet,Historical_colonialism/Slavery,Staat_slavernij.txt
onrecht gepaster tijd waarin daders slachtoffers leven volgens normen huidige maatschappij er heel misgegaan verleden eigenlijk zouden er excuses komen vervolging bestraffing homoseksualiteit grootschalige uitbuiting kindarbeiders uitsluiting,Historical_colonialism/Slavery,Staat_slavernij.txt
historici spraken slavernij manier waarop juist stiltes veroorzaakte historicus henk den heijer beweerde bijvoor beeld ntr televisieserie slavernij verkrachting,Historical_colonialism/Slavery,Staat_slavernij.txt
vaste tentoonstelling onze koloniale erfenis tropenmuseum gaan er nadrukkelijk kolonialisme waaronder slavernij gevolgen heden inzicht lange tijd wijdverbreid zeker excuses,Historical_colonialism/Slavery,Staat_slavernij.txt
kolonialisme heden roept gauw zowel psychische sociale culturele doorwerkingen slavernij debat,Historical_colonialism/Slavery,Staat_slavernij.txt
werd vroeger gesproken slavernij pas later ben surinaam se zwijgen gaan begrijpen waarom nou taboe daarvoor iets begrijpen hoe surinaamse koloniale staat slavernij samenleving elkaar zat,Historical_colonialism/Slavery,Staat_slavernij.txt
eiste tol toen invoer nieuwe slaafgemaakten stopte voelden planters direct gevolgen slavernij eilanden werd daarentegen gekenmerkt sterfteoverschot,Historical_colonialism/Slavery,Staat_slavernij.txt
slavernij nederlands indië kwam formeel einde slavernij recent licht gebracht hoe omvangrijk diepgeworteld,Historical_colonialism/Slavery,Staat_slavernij.txt
wie slavenhandel goudvisserij geweest staat slavernij ruim drie later nederlands indië werd slavernij suriname antillen afgeschaft,Historical_colonialism/Slavery,Staat_slavernij.txt
slavernij gedoemd mislukken omdat voormalige slaafgemaakten planters zouden werken waardoor economie slop zou raken,Historical_colonialism/Slavery,Staat_slavernij.txt
zogenaamde staatstoezicht voormalige slaaf gemaakten werden tien plantagearbeid verplicht konden jaarlijks contracten sluiten plantages keuze veranderen werk gever,Historical_colonialism/Slavery,Staat_slavernij.txt
marechaussee werd actief disciplinering recht moest immers opnieuw vorm nu sociale verhoudingen langer werden bepaald slavernij afschaffingen doorwerkingen slavernij planter verloor,Historical_colonialism/Slavery,Staat_slavernij.txt
nazaten korps marechaussee er twee politiekorpsen gescheiden kleur krampachtige onderscheid opmerkelijk omdat slavernij planters werden bijgestaan zwarte opzichters,Historical_colonialism/Slavery,Staat_slavernij.txt
waar lagen mogelijkheden waar beperkingen hoe begrip implicated subject helpen spagaat begrijpen gekoloniseerde mensen overheidsdienst wat betekende afschaffing slavernij slavernij afschaffingen doorwerkingen slaafgemaakten vóór afschaffing slavernij vrij geworden ontstond er solidariteit werden er nieuwe barrières opge worpen,Historical_colonialism/Slavery,Staat_slavernij.txt
vrij totdat werden gekidnapt atlantische overtocht zogeheten middenpassage amerika werden gebracht werden pas slaaf gemaakt moment,Historical_colonialism/Slavery,Staat_slavernij.txt
onderdrukking werd slavernij afgeschaft verhaal eenduidig algemeen gedacht name twee kwesties verdieping namelijk factoren,Historical_colonialism/Slavery,Staat_slavernij.txt
den slaven zelfs verboden zich vrij koopen staat slavernij slavernij,Historical_colonialism/Slavery,Staat_slavernij.txt
slaaf gemaakten compenseren verloren gegane eigendom slaaf makers eisten compensatie,Historical_colonialism/Slavery,Staat_slavernij.txt
honderd gulden maarten ten derde werd beloofd vrijgelaten slaafgemaakten suriname gedurende tien staatstoezicht zouden staan er redelijke argumenten staatstoezicht soort leertijd meerder heid stemde staatstoezicht periode werd genoemd,Historical_colonialism/Slavery,Staat_slavernij.txt
tropische zon werken hoewel er officiële documenten sprake emancipatiever klaring er praktijk sprake emancipatie slavernij werd afgeschaft wet emancipatie houdt emancipatie proces waarbij gestigmatiseerde heerst andere maatschappij zich hieraan ontwor,Historical_colonialism/Slavery,Staat_slavernij.txt
slavernij verzet veerkracht heel ver schillende manieren,Historical_colonialism/Slavery,Staat_slavernij.txt
politiek slavernij negentiende eeuw bataafse revolutie werden slavenhandel slavernij vraagstuk,Historical_colonialism/Slavery,Staat_slavernij.txt
meeste aandacht besteed plantage ondernemingen gebied kwam cariben grootschalige slavernij zo leefde curaçao liefst veertig aanzicht koloniën voormalige huygenshuis den haag staat slavernij procent bevolking,Historical_colonialism/Slavery,Staat_slavernij.txt
emancipatie der slaven wilde spelen afschaf fing slavernij,Historical_colonialism/Slavery,Staat_slavernij.txt
schoorvoe tend erkenden eigenaren pas voortbestaan slavernij onwenselijk terwijl tweede kamer begreep iedere poging slavernij af schaffen,Historical_colonialism/Slavery,Staat_slavernij.txt
zich neergelegd koloniën daarentegen loodste rochussen emancipatiewet nederlands indië parlement wet trad wer king schreef gouverneur suriname hoopte groote der emancipatie hoe men er afgetrokkene denken eerstvolgende zitting,Historical_colonialism/Slavery,Staat_slavernij.txt
cultuurstelsel ingevoerd lange wetgevingstraject emancipatiewet duurde beschreven opeenvolgende historici meeste stu dies benaderen slavernij,Historical_colonialism/Slavery,Staat_slavernij.txt
slavernij geba seerde productie atlantisch gebied zorgde ervoor thema politieke prioriteit kreeg hernieuwde aandacht belang slavernij atlantisch systeem maakt verklaring mogelijk plausibel tijd lijkt rijp,Historical_colonialism/Slavery,Staat_slavernij.txt
slavernij vertraagd staatstoezicht immigratie circa formele afschaffing,Historical_colonialism/Slavery,Staat_slavernij.txt
vanaf kwamen daar javaanse contractarbeiders kortom terwijl slavenhandel slavernij afgeschaft groeide vanaf emancipatie betrokkenheid regering rekrutering financiering immigranten,Historical_colonialism/Slavery,Staat_slavernij.txt
gouverneur vertegenwoordigde kroon bestuurde kolonie immers basis regeringsbesluiten werden genomen den haag brauw wist precies hoeveel er suriname gedaan moest regering suriname den boel bedorven reeds slaven emancipatie tegelijkertijd stelde oud hoe bitter gouverneur er,Historical_colonialism/Slavery,Staat_slavernij.txt
lot staat slavernij kolonie inwoners terwijl politieke verantwoordelijkheid volledig handen hadden daarmee bevestigde brauw,Historical_colonialism/Slavery,Staat_slavernij.txt
koloniale metropool behoud koloniale gebieden win gewesten politieke zeggenschap kolonie daardoor aangewend emancipatie slaafgemaakten,Historical_colonialism/Slavery,Staat_slavernij.txt
atjeh kon zich andere militaire conflicten permitteren reden werd bijvoorbeeld zeventig negentiende eeuw gestarte registratie emancipatie omvangrijke slavernij,Historical_colonialism/Slavery,Staat_slavernij.txt
waarna begin werd gemaakt afschaffing slavernij werd koloniale leger tweede maal nias gestuurd nadat eerste bloedige expeditie plaatsgevonden pas veertien eiland volledig controle gebracht waarmee naam slavernij slavenhandel eiland einde kwam geleidelijke terugdringing slavernij,Historical_colonialism/Slavery,Staat_slavernij.txt
tezamen decennialang centrum kleinschalige slavenhandel periode werden ruim vierduizend slaaf gemaakten uitgevoerd laat zien staat slavernij zevenentachtig procent uitgevoerde slaafgemaakten,Historical_colonialism/Slavery,Staat_slavernij.txt
verder verdient plantage eigenaren voelden zich genoodzaakt slaaf gemaakten verkopen deden liefst,Historical_colonialism/Slavery,Staat_slavernij.txt
azië algemeen aandacht gekregen historici doordat nationaal archief afgelopen omvang rijke koloniale archieven gedigitaliseerd zoek slavenhandel slavernij koloniale gebieden wateren degelijk mogelijk zelfs eenvoudiger geworden ten opzichte rest wereld valt hierbij bovendien serieuze inhaalslag maken coen galen methode slavenregisters dankzij honderden vrijwilligers donateurs nederlands surinaams antilliaanse historische database,Historical_colonialism/Slavery,Staat_slavernij.txt
sluitend systeem creëren boekhouding mensen bepaald gebied slavernij leefden dergelijke individuele registraties wilden koloniale overheden negentiende eeuw mogelijkheden beperken mensen illegaal slavernij terechtkwamen verhandeld werden,Historical_colonialism/Slavery,Staat_slavernij.txt
antillen kreeg elk eiland eigen registratie suriname ontstond centrale registratie hele kolonie er slavenregisters verspreide forten posten kust,Historical_colonialism/Slavery,Staat_slavernij.txt
bovendien informatie beroep huidskleur etniciteit informatie ontbrak slavenregisters waarschijnlijk omdat huidskleur formeel rol speelde juridische status slaafgemaakte slavenregisters dankzij informatie rijke bron sociaalhistorisch demografisch genealogisch slaafgemaakten,Historical_colonialism/Slavery,Staat_slavernij.txt
controle landbouw richtten zelfs heel nieuwe koloniale exporteconomie meest extreme voorbeeld laatste strategie inrichting volledig slavernij gebaseerde plantagesector verschillende amerikaanse continent eerste auteur woord plantage systematisch huidige betekenis gebruikte ottho keye midden zeventiende eeuw geboorte sterfdatum onbekend rekende investering kapitaal vijfduizend gulden kolonie kust staat slavernij,Historical_colonialism/Slavery,Staat_slavernij.txt
aandeel plantages verworven via huwelijk reeds overleden eerste man staat slavernij pieter jacob schumacher wiens voorouders negotiatiefonds beheer den prominente planters handelaren plantagegoederen berbice,Historical_colonialism/Slavery,Staat_slavernij.txt
heineken daarmee talrijke gestelde families waarvan negentiende eeuwse voorouders werden gecompenseerd emancipatie slaafgemaakten moest emancipatie koloniën wachten werd,Historical_colonialism/Slavery,Staat_slavernij.txt
introductie verhandelbare aandelen bedrijven permanent kapitaal zeventiende eeuw verfijning negotiatiestelsel nieuwe investeringsvorm achttiende rond financiële innovaties functioneerde financieel dienstverle nende sector afschaffing slavernij sterk gericht zou koloniale handel slavernij leverde zodoende individuele vermogens architectuur financiële sector er andere essentiële punt details financieel historische ontwikkelingen makkelijk beeld verdwijnt cultivering mentaliteit waarin menselijk leed moeiteloos werd weggecijferd ten gunste kille investerings overwegingen winstberekening,Historical_colonialism/Slavery,Staat_slavernij.txt
latere cultuurstelsel bestonden slavernij verschilden daarvan doordat koloniale onderdanen slaaf gemaakten verkocht konden toch leidde voortgezette horigheid mateloze uitbuiting systematisch geweld boerenmassa daendels ging vroege koloniale staat begin negentiende eeuw grootschalige uitbreiding,Historical_colonialism/Slavery,Staat_slavernij.txt
leidde steeds hogere uitbuiting onderdrukking wak kerde verzet ontduiking,Historical_colonialism/Slavery,Staat_slavernij.txt
afschaffingen doorwerkingen ondernemers benodigde arbeidskrachten mateloze uitbuiting onderdrukking sluiten onvrijheid racistische valse argumenten lokale landaard werd gerechtvaardigd zo ontnam imperialisme hoogtijdagen overheerste volken zicht eigen verleden politieke economische regime imperialisme implementeerde ontzegde samenlevingen vrijheid zelf route toekomst bepalen zoektocht,Historical_colonialism/Slavery,Staat_slavernij.txt
elmer kolfin eerst uitvoerig deed beeldvorming rond slavernij suriname wees er reeds slaafgemaakten westerse visies slavernij sturend beeldvorming,Historical_colonialism/Slavery,Staat_slavernij.txt
suriname eind achttiende begin negentiende eeuw werd er relatief gedebatteerd aziatische slavernij slavernij azië,Historical_colonialism/Slavery,Staat_slavernij.txt
verscheen eerste aanzet staat slavernij bundel slavernij herbezien visuele bronnen slavernij,Historical_colonialism/Slavery,Staat_slavernij.txt
andere continenten werden ver overd omgevormd plaatsen waar producten konden gewon nen europa veelgevraagd omwille winstbejag gingen landen waaronder koloniseren afgelegen gebieden creëren nieuwe wereldwijde politieke economische sociale rangorde waarin mensheid dienst werd geplaatst europese mens staat slavernij koloniale slavernij multinationaal verdienmodel ten gunste europa systeem strekte zich rondom atlantische indische oceaan via handelscompagnieën werd aangestuurd,Historical_colonialism/Slavery,Staat_slavernij.txt
middeleeuwse spanje machthebber werd losmaking spanje schilderkunst steeds vaker afgebeeld heidense dienaar ondergeschikte hiërarchische beeldtaal eeuwenlang bijzonder hard nekkig gebleken lange aanloop afschaffing systeem slavernij bleef er sprake ontwikkeling nadruk kwam abolitionisten liggen rol zichzelf toedichtten witte redders onderge schikte rassen hoogstraten schreef wat zijns inziens verschil zwarten witten mensche kenmerkt moor wegens platten neus kort hair bolle kaken zekere dommicheit ontrent oogen welk alles zeer lichtelijk aen verstandich aenschouwer zwart uitdrukt naarmate einde slavernij,Historical_colonialism/Slavery,Staat_slavernij.txt
modellen nabootsingen reden dergelijk portret duiden portret maria oranje afrikaanse bediende jan mijtens staat slavernij vanaf tweede helft achttiende eeuw komt slavernij systeem,Historical_colonialism/Slavery,Staat_slavernij.txt
sterker druk staan slavernij altijd bevochten slaaf,Historical_colonialism/Slavery,Staat_slavernij.txt
zich verbindt politieke lobby slavernij schotel voorbeeld nederlands abolitionisme,Historical_colonialism/Slavery,Staat_slavernij.txt
daad werkelijk slaaf maken mensen hen slavernij tewerkstellen nederlanders overzee plaats afrika,Historical_colonialism/Slavery,Staat_slavernij.txt
gebaseerd oude wetgeving zeventiende eeuw republiek slavernij kende vrijbrieven nodig beslissing leidde onrust planters,Historical_colonialism/Slavery,Staat_slavernij.txt
opstandigheid slavernij daarna nederlands eilanden slavernij sociaaleconomisch systeem slaafgemaakte productiemiddel maakte,Historical_colonialism/Slavery,Staat_slavernij.txt
tula trokken vervolgens duizenden slaafgemaakten richting gouverneur willemstad verzet werd hardhandig neergeslagen tula werd gemarteld gedood koloniale slavernij wereldwijd gestraft geseling zo getuigde tula ten overstaan pastoor schinck bloedens geslagen werd werd uiteindelijk belangrijke factor opstandigheid verzet manifesteerde,Historical_colonialism/Slavery,Staat_slavernij.txt
controle houden reactie latente verzet eigenaren bestuurders vreesden immers geweld bijvoorbeeld gif zwarte magie ander leidde strengere zwarte bevolking controle houden vrijheid afhankelijkheid armoede loop negentiende eeuw werd steeds duidelijker slavernij antillen kon bestaan afschaffing,Historical_colonialism/Slavery,Staat_slavernij.txt
slavernij kwam curaçao paga tera systeem steeds zwang overeenkomst waarbij voormalige slaafgemaakten stuk grond kregen plantage waar eigen voedsel konden verbouwen,Historical_colonialism/Slavery,Staat_slavernij.txt
soortgelijke positie hoewel bewo ners hoger status werden beschouwd vanwege lichtere kleur indiaans venezolaanse afstamming emancipatie bleef plantage,Historical_colonialism/Slavery,Staat_slavernij.txt
koloniale slavernij wereldwijd ter afsluiting politieke emancipatie,Historical_colonialism/Slavery,Staat_slavernij.txt
kolonie suriname vrede staat slavernij breda kwam suriname datzelfde handen witte kolonisten wie zo gezinnen,Historical_colonialism/Slavery,Staat_slavernij.txt
suriname inheemsen hadden zeggenschap gebied stamouders verdeeldheid hen hen slaafgemaakten zich plantage systeem hadden koloniale slavernij wereldwijd bevrijd leidde ertoe bezetters stand houden,Historical_colonialism/Slavery,Staat_slavernij.txt
staat slavernij gehouden rond werden hernieuwde vredestraktaten getekend zogenaamde akte verband koloniale hoogste traditioneel gezag marrons daarmee wilde marrongemeenschappen dienstbaar maken plantagekolonie wat nauwelijks gelukt emancipatie slaafgemaakten er angst,Historical_colonialism/Slavery,Staat_slavernij.txt
planters terugkeerden langer plantages bestaan konden opbouwen verhuisden paramaribo waar economische politieke elite kolonie vormden,Historical_colonialism/Slavery,Staat_slavernij.txt
ambachtslieden verplichting hadden contractarbeid staatstoezicht trokken paramaribo er,Historical_colonialism/Slavery,Staat_slavernij.txt
paramaribo telde rond afschaf fing slavernij ongeveer inwoners vandaag dag koloniale slavernij wereldwijd er ruim nazaten slaafgemaakte afrikanen,Historical_colonialism/Slavery,Staat_slavernij.txt
staatstoezicht moesten plantage eigenaren vrijgemaakten betalen bleek economisch haalbaar ter compensatie verkavelden plantage eigenaren,Historical_colonialism/Slavery,Staat_slavernij.txt
staatstoezicht kwamen vele plantage eigenaren,Historical_colonialism/Slavery,Staat_slavernij.txt
europese rivalen slechts twee ervan groeiden duurzame koloniën essequibo berbice beide werden vernoemd rivieren waaraan lagen vanuit binnenland noordelijke richting atlantische oceaan stroomden derde kolonie deme rara gelegen berbice essequibo gelijknamige rivier werd pas midden achttiende eeuw gesticht drie vrijwel vanaf begin slavernij fundament samenleving begin koloniën essequibo werd beheerd,Historical_colonialism/Slavery,Staat_slavernij.txt
berbice leidde franse actie nieuw bestuur toen zeeuw se familie pere losgeld wilde betalen kolonie overdeed investeerders amsterdam richtten sociëteit berbice kolonie eind achttiende eeuw octrooi staten generaal exploiteerde wilde kust besteedde staat dagelijks bestuur,Historical_colonialism/Slavery,Staat_slavernij.txt
opnieuw werden mensen trau matiserende wijze hardhandig gescheiden nieuwe familie staat slavernij leven plantage eenmaal ter plaatse aangekomen moesten nieuwkomers opnieuw bestaan,Historical_colonialism/Slavery,Staat_slavernij.txt
kolonie geboren werden genoemd keken vaak neer mensen afrika kwamen afrikanen plantage mensen aantroffen eigen taal spraken moesten lokale creools leren alles terwijl trauma moest verwerken middenpassage hartver scheurende verlies familie thuisland toekomstverwachtingen algemeen pasten mensen afrikaanse gewoonten gebrui ken,Historical_colonialism/Slavery,Staat_slavernij.txt
wat betekende slaafgemaakt kolonie gebieden waar vandaan kwamen bestond slavernij vele vormen algemeen rigide atlantische slavernij,Historical_colonialism/Slavery,Staat_slavernij.txt
suriname koloniale slavernij wereldwijd georganiseerd verzet er kwamen grootschalige collectieve vormen verzet regelmaat verliet mensen zelfs gehele plantagegemeen schap werkkamp bijvoorbeeld liepen achtendertig creoolse slaafgemaakten weg wic plantages poelwijk duinenberg essequibo wic hen tewerkgesteld,Historical_colonialism/Slavery,Staat_slavernij.txt
koloniale slavernij wereldwijd nieuwe geweren strijders toch duurde zomer nederlanders gehavende kolonie weer geheel handen hadden tijd derde,Historical_colonialism/Slavery,Staat_slavernij.txt
kolonie gebracht slavernij werd vroeg geïntroduceerd west indische compagnie wic bleef prominent aanwezig regio,Historical_colonialism/Slavery,Staat_slavernij.txt
slavernij hielden gebeurde vele geleidelijke emancipatie pas volledig eind burgeroorlog,Historical_colonialism/Slavery,Staat_slavernij.txt
hedendaagse connecticut meeste slaaf gemaakte mensen noord amerikaanse kolonie woonden nieuw amsterdam nederzetting zuidelijke puntje manhattan kaart gemaakt nicolaas visscher ii voorgrond gezicht toenmalige nieuw amsterdam,Historical_colonialism/Slavery,Staat_slavernij.txt
handen bleef overeenkomst werd echter verbroken toen noord amerikaanse kolonie her overde werd nu nieuw oranje genoemd bleef ditmaal lang nederlands bezit werd vrede westmin ster afgesproken voormalige engelse kolonie suriname mocht houden ruil permanente overgave gebied noord amerika ontwikkelingen verlies nieuw nadat kolonie engelsen verloor bleven kolonisten,Historical_colonialism/Slavery,Staat_slavernij.txt
slavernij slavernij kon stand gehouden geweld wet geving,Historical_colonialism/Slavery,Staat_slavernij.txt
mensen bleef individueel verzet bijvoorbeeld kwamen slaafgemaakte new yorkers gezamenlijk opstand volgens gouverneur robert hunter begon verzet toen gebouw brand werd gestoken vervolgens werden witte new yorkers vuur kwamen kijken tegengehou den slaafgemaakte new yorkers zich hadden bewapend,Historical_colonialism/Slavery,Staat_slavernij.txt
akron ohio beroemd geworden staat slavernij koloniale slavernij wereldwijd truth,Historical_colonialism/Slavery,Staat_slavernij.txt
slavernij hielden slavernij noord amerika hoewel slavernij new york new jersey tweehonderd lang bestond,Historical_colonialism/Slavery,Staat_slavernij.txt
historici er relatief geschreven slavernij werd steeds vaak gezien iets wat zuiden noorden verenigde staten voorkwam publicaties sla vernij new york richtten auteurs zich vooral achttiende negentiende eeuw vaak aandacht slavernij,Historical_colonialism/Slavery,Staat_slavernij.txt
zogenaamde indian slaves vermeld tij dens nederlands koloniale periode lijkt dergelijke vorm slaver nij gebruikelijk betekent voorkwam wic stuurde bijvoorbeeld esopus slavernij curaçao rol mensenhandel,Historical_colonialism/Slavery,Staat_slavernij.txt
kolonie bovendien bleven nazaten gebied negentiende eeuw prominente slavenhouders slavenhandelaren belangrijk slavernij noord amerika,Historical_colonialism/Slavery,Staat_slavernij.txt
grote verschuiving ongeveer plaatsvond eerder werd slavernij beschreven uitvloeisel typische iberische paapse tirannie waar leed slaafgemaakten inheemse bevolking amerika werden lotgenoten natuurlijke bondgenoten republiek gezien slavernij mensenhandel,Historical_colonialism/Slavery,Staat_slavernij.txt
zouden raciale bijbelse rechtvaardigingen kwamen periode discussie slavernij zelf veranderde omgang slavernij waar stadsbestuur hoorn staten generaal instructie gevraagd hoe gaan slaafgemaakten,Historical_colonialism/Slavery,Staat_slavernij.txt
pernambuco noordwesten leefden andere nomadische semi nomadische groepen nederlanders tapuyas werden omschreven pernambuco hart kolonie brazilië staat slavernij onderscheid groepen nederlanders wezenlijk belang brasilianen werden beschaafd gezien hen slavernij houden,Historical_colonialism/Slavery,Staat_slavernij.txt
slavernij houden mensen toe staan koloniale slavernij wereldwijd,Historical_colonialism/Slavery,Staat_slavernij.txt
zetten veroverde maranhão kwam oudsher inheemse slavernij omdat gebied nauwelijks schepen afrika werd aangedaan portugese kolonie dunbevolkt gebied eigen lijk wic grote financiële problemen,Historical_colonialism/Slavery,Staat_slavernij.txt
nederlands brazilië vormt begin systematische betrokkenheid handel mensen kolonie eerste slaven samenleving vlag atlantisch gebied slavensamenleving samenleving waarin sociale economische relaties bepaald aanwezigheid slavernij sociale rela ties man vrouw,Historical_colonialism/Slavery,Staat_slavernij.txt
ondanks toename kwam daarbuiten pas echt stroomversnelling afrikaanse dekolonisatie opkomst regiostudies afrikastudies name focus doorwerking slavenhandel,Legacyof_colonialism/Slavery,Staat_slavernij.txt
slavernij kolonialisme rondom zuid afrika,Historical_colonialism/Slavery,Staat_slavernij.txt
isle france bewind zou slavernij gebaseerde plantage economie verder groeien hoe macht nederlanders kregen,Historical_colonialism/Slavery,Staat_slavernij.txt
arbeiders slaafgemaakte mensen enkele slavenhouder kolonie slaafgemaakte mensen slechts tien slavenhouders bezaten vijftig slaafgemaakten voc,Historical_colonialism/Slavery,Staat_slavernij.txt
macht kolonie overnamen slavernij afschaften slaafgemaakten,Historical_colonialism/Slavery,Staat_slavernij.txt
genocide er sprake intentie bevolkingsgroep roeien wat adhikari eigen positie hierin blijkt titel boek the anatomy a south african genocide staat slavernij verzet slaafgemaakten vanaf moment voc begon mensen slaaf maken kaap goede hoop,Historical_colonialism/Slavery,Staat_slavernij.txt
kolonie blijkt plaatsen noemen plek waar heen wilden land portugezen namaqua volk san kolonie thuis overkant zee opmerkelijk genoeg deden er,Historical_colonialism/Slavery,Staat_slavernij.txt
fysieke omgeving tegelijkertijd werd omgekeerd koloniale expansie verzet slaafgemaakten khoisan mede gedicteerd omgeving koloniale slavernij wereldwijd geografie kaap ecologische gevolgen winning ebben gewilde hardhoutsoort mauritius,Historical_colonialism/Slavery,Staat_slavernij.txt
bood omgeving mogelijkheid individueel verzet opstand markeerde verschuiving collectief verzet,Historical_colonialism/Slavery,Staat_slavernij.txt
slavernij kaap intussen goed onderzocht financiële kant slavernij voc,Historical_colonialism/Slavery,Staat_slavernij.txt
gebied materiële cultuur slaafgemaakte voormalig slaafgemaakte men sen wat bezaten wat betekenden voorwerpen andere insteek communicatienetwerken kolonie daarbuiten zowel vanuit perspectief slaafgemaakten vanuit slavenhouders afstammelingen slaafgemaakte mensen zuid afrika kijken heel verschillend soort sommigen spitten allerlei historische bronnen zoek genealogische knopingspunten anderen er alles ervoor zorgen wortels slavernij opgegraven degenen willen weten er heel wat werk winkel verhalen voorouders,Historical_colonialism/Slavery,Staat_slavernij.txt
leverde eerste meest constante stroom slaaf gemaakten eind zeventiende eeuw nederlanders staat slavernij ets wouter schouten gevangengenomen bengalezen pipely orissa baliapal odisha werden arakanen verkocht vertegenwoordigers voc waarschijnlijk meeste gevangenen vrouwen koloniale slavernij wereldwijd arakanese koninkrijk mrauk tegenwoordig,Historical_colonialism/Slavery,Staat_slavernij.txt
complex registra tiesysteem geïntroduceerd bevolking indeelde categorieën vrije mensen slaaf konden gemaakt koninklijke slaaf gemaakten arakanese koning werkten geschoolde slaaf gemaakten bestemd verkoop voc nederlanders konden slaafgemaakten kopen koninklijke slaven,Historical_colonialism/Slavery,Staat_slavernij.txt
vaklieden boek stonden daarnaast stond verdrag arakan voc arakaneestaligen mensen min stens zeven arakan hadden gewoond verkocht konden bovendien mughal gouverneur provincie bengalen europese ondernemingen herhaaldelijk expliciet verboden moslimon derdanen slaaf maken kwam tussenbeide hindoes hoge kaste slaaf werden gemaakt,Historical_colonialism/Slavery,Staat_slavernij.txt
draaiende gehouden ervan geprofiteerd slavernij institutie zowel koloniale lokale context gestalte gekregen interactie voc verschillende lokale bestuursorganen zodoende werd duidelijk wat voc lokale actoren slavernij verstonden wie slaaf kon gemaakt geëxporteerd wat institutie toelaatbaar koloniale slavernij wereldwijd ontoelaatbaar geschiedenis,Historical_colonialism/Slavery,Staat_slavernij.txt
digoel verborgen verhalen kolonialisme waarin verschillende aspecten slavernij kolonialisme indonesië belicht,Historical_colonialism/Slavery,Staat_slavernij.txt
aardbeving koloniale slavernij wereldwijd hoewel categorisering helder lijkt helemaal zo duide lijk omstandigheden nu relatief vaakst mensen slavernij bracht weten we precies wat koloniale betrokken heid geweest processen slaaf maken staat,Historical_colonialism/Slavery,Staat_slavernij.txt
cruciale specerijen eigen hand krijgen wat beurt weer leidde gebiedsverovering soms extreem geweld onderdrukking lokale bevolking slavernij relaties nederlanders lokale bevolking,Historical_colonialism/Slavery,Staat_slavernij.txt
groeide zeventiende eeuw stad zo twintigduizend inwoners staat slavernij waarvan ten minste helft slavernij leefde,Historical_colonialism/Slavery,Staat_slavernij.txt
vermoedelijk handelsbedrijf gaande houden dorpen ambon leefden er nagenoeg evenveel vrouwen man nen slavernij percentage mensen slavernij bedroeg tien vijftien procent aanmerkelijk stad betekent slavernij,Historical_colonialism/Slavery,Staat_slavernij.txt
slavernij hielden verhandelden kwam twintigtal slaafgemaakten opstand familie trokken kortste eind werden doodgeschoten vlucht slavernij toch geweldsuitbarsting aanleidingen,Historical_colonialism/Slavery,Staat_slavernij.txt
archief jakarta blijkt kidnappers zelf allemaal andere vorm slavernij leefden bijvoorbeeld omdat schulden hadden roven mensen hen manier geld verdienen zich zo slavernij kopen kidnappers werden veroordeeld grootste boosdoener jan siso kon gewoon weer verder handel alsof er niets gebeurd,Historical_colonialism/Slavery,Staat_slavernij.txt
reguleren perken behoefte arbeid werd kleiner eerder groter bestuurders wisten allerhande manie ren eigen regelgeving omzeilen slim maken dunne scheidslijn lokale samenlevingen bestond horig heid slavernij zo werden slaafgemaakten banda omgedoopt zogenoemde perkhorigen bali werd nu voetvolk leger gere kruteerd via onderhandelingen dezelfde vorsten wie eerder slaaf gemaakten gekocht werden dezelfde marktprijs schuldslaven heetten voortaan pandelingen werden ingezet,Historical_colonialism/Slavery,Staat_slavernij.txt
aspecten slavernij dachten historici lang koloniale lokale slavernij best los elkaar konden bestude ren nu historici nieuwe stellen complexe verwevenheid,Historical_colonialism/Slavery,Staat_slavernij.txt
generaal staat slavernij metter zelve mooren moogen zoo verstaet oftewel koopman kon slaafgemaakte afrikanen laten wat wilde beginpunt verwikkeling trans atlantische slavenhandel republiek der verenigde nederlanden mocht vrij land waar plek slavernij abstracte zin,Historical_colonialism/Slavery,Staat_slavernij.txt
slavernij voc octrooigebied geldende oorlogsrecht kon zich namelijk recht toe eigenen personen rechtvaardige oorlog gevangengenomen werden slaaf maken,Historical_colonialism/Slavery,Staat_slavernij.txt
octrooigebied systematisch onderzocht staat slavernij hoe slavenhandel slavernij werden geïnstitutionaliseerd eenzelfde systematische aanpak,Historical_colonialism/Slavery,Staat_slavernij.txt
generaal bleek grote slavenopstand kolonie berbice toen staten generaal lobby plantage eigenaren andere belanghebbenden besloten aanzienlijke troepen macht kolonie sturen,Historical_colonialism/Slavery,Staat_slavernij.txt
generaal benadruk ten plakkaat verlatinghe stand kwam verzet poli tieke slavernij vervolgens groeien koloniale macht wereldwijd,Historical_colonialism/Slavery,Staat_slavernij.txt
konvooieerden begeleidden deden admiraliteiten koloniaal troepentransport bijvoorbeeld grote slavenopstand kolonie berbice er moment regelmatig discussie rol zeehelden michiel ruyter werkten admiraliteiten acties koloniën,Historical_colonialism/Slavery,Staat_slavernij.txt
plantage reeks andere documenten maken inkijk plantage mogelijk volgens brief er slaafgemaakte mannen vrouwen aanwezig plantage antwerpse handelaar handelde suiker brazilië deed zelf,Historical_colonialism/Slavery,Staat_slavernij.txt
erasmus schetz leverde manil las portugese kroon via antwerpen industriële commercië le imperium schetz gestoeld slaven handel slavenarbeid nam zo vorm typische driehoekshandel,Historical_colonialism/Slavery,Staat_slavernij.txt
lokale gedwongen arbeiders land bond leidde slavernij eerst latijns amerika later filippijnen manilla benin staat slavernij slaafgemaakten zestiende eeuws,Historical_colonialism/Slavery,Staat_slavernij.txt
patroon winstbejag gebrek scrupules moeilijker schatten hoe mensen lage landen mensenhandel actief slavernij keken,Historical_colonialism/Slavery,Staat_slavernij.txt
kolonie alles overziend duidelijk politiek ten aanzien slavernij,Historical_colonialism/Slavery,Staat_slavernij.txt
hadden vaak belangrijke functies stedelijk landelijk bestuur stonden overzeese expedities basis vroege kolonialisme kolonialisme,Historical_colonialism/Slavery,Staat_slavernij.txt
politiek kolonisatie vroegste vormen nederlands kolonialisme beter begrijpen,Historical_colonialism/Slavery,Staat_slavernij.txt
zuid afrika vestigden speelden staat slavernij soortgelijke rol andere koloniën bijvoorbeeld onmisbare schakels bandanese zuid afrikaanse plantage industrie slavenhandel plaatsvond makassar batavia vaak leidden huwelijken leden elite vrouwen lokale handelsgemeen schappen slaafgemaakte afkomst,Historical_colonialism/Slavery,Staat_slavernij.txt
sefardische joden geweest slavenhandel historische literatuur namen vroege vorming slavernij kolonialisme,Historical_colonialism/Slavery,Staat_slavernij.txt
dergelijke steden kregen slaafgemaakten vrijheid plantages bovendien kregen mogelijkheden eigen inkomen verwerven zo actief werken eigen vrijkoop staat slavernij naaste familieleden stadsgebonden slavernij echter onderzocht vormen,Historical_colonialism/Slavery,Staat_slavernij.txt
slaaf gemaakten roept waarom kerk predikan ten loop der verschillende standpunten innamen ten aanzien toelaatbaarheid slavernij,Historical_colonialism/Slavery,Staat_slavernij.txt
singalees vraagt geduld vaak gedigitaliseerde soms zelfs geïnventariseerde kerkelijke archieven zoeken bovendien werd slavernij lange tijd volkomen ten onrechte amerikaans nederlands gezien inmiddels zowel theologen vroege vorming slavernij,Historical_colonialism/Slavery,Staat_slavernij.txt
suriname bekend eigen plantage beheerde kerkigron katholieken moravi ërs bezaten slaafgemaakten tegelijkertijd lijkt gereformeerde kerk zich meeste koloniën slechts beperkte mate ontfermd geestelijk lot slaafgemaakten vroeg zeventien eeuws nieuw kolonie huidige sta ten new york new jersey delaware besloeg samenleven staat slavernij slaafgemaakten,Historical_colonialism/Slavery,Staat_slavernij.txt
bekering beschaving ideologisch gezien stonden protestantse kerken wereldomspannende rooms katholieke kerk ambivalent tegenover kolonialisme systematische uitbuiting,Historical_colonialism/Slavery,Staat_slavernij.txt
hoe slavernij kolonialisme integraal vormend neder landse geschiedenis verschuivend perspectief afgelopen twee decennia perspectief economische betekenis,Historical_colonialism/Slavery,Staat_slavernij.txt
verzekeringen atlantische slavernij gebaseerde plantage,Historical_colonialism/Slavery,Staat_slavernij.txt
slavernij gerelateerde economische activiteiten invloed ontwikkeling vroeg moderne europa slavernij,Historical_colonialism/Slavery,Staat_slavernij.txt
slavernij kolonialisme werd ondernemers slaafgemaakten kopen,Historical_colonialism/Slavery,Staat_slavernij.txt
opvallend genoeg periode waarin voc dwangarbeid vergelijkbare corveestelsels azië werd geïntensiveerd grotere verhaal vervolgonderzoek slavernij kolonialisme belangrijke fundamenten waarop europese economische voorsprong zich achttiende negentien eeuw ontvouwde werd gebouwd,Historical_colonialism/Slavery,Staat_slavernij.txt
sieraden toegevoegd status benadrukken staat slavernij totstandkoming diepgaande verwevenheid europese economie atlantische slavernij hoe harde materiële koloniale belangen werden doorgedrukt,Historical_colonialism/Slavery,Staat_slavernij.txt
cruciaal voldoende volledig beeld krijgen manier waarop kolonialisme slavernij economie samenleving beïnvloed belang systematisch verkennen,Historical_colonialism/Slavery,Staat_slavernij.txt
dwangstelsels gevolgen algemeen bekend manier waarop veran deringen slavernij kolonialisme gang gezet mede vorm gaven ongelijkheden sociale verhoudingen,Historical_colonialism/Slavery,Staat_slavernij.txt
hetzelf geldt uitwerking slavernij koloniale uitbuiting sociale structuren,Historical_colonialism/Slavery,Staat_slavernij.txt
orange winsten werd drieën dertigste uitgekeerd stadhouder sommige werd uitgekeerd twee vroege vorming slavernij kolonialisme keer zie kreeg willem hendrik,Historical_colonialism/Slavery,Staat_slavernij.txt
identiteitsvorming complexe veranderingen ondergaan kracht slavernij kolonialisme gemakkelijker duiden wat opgelegde namen zeggen wat authentiek origineel beleving,Historical_colonialism/Slavery,Staat_slavernij.txt
kolonialisme getrokken zowel institutioneel mensenlevens staat slavernij voorziet,Historical_colonialism/Slavery,Staat_slavernij.txt
hoe verstrekkend blijvend gevolgen doorwerkingen daarvan levingen hele wereld staat slavernij beperkt zich historisch afgebakende perioden waarin slavenhandel slavernij wettelijk toegestaan werden uitgeoefend laat zien invloed betrokkenheid ver voorbij periode,Historical_colonialism/Slavery,Staat_slavernij.txt
bijdra gen boek tonen verleden wereldwijd diepe sporen nagelaten terreinen nodig goed inzicht krijgen precieze werking gevolgen erfenissen vaak koloniale slavernij verleden zelf volgende stonden staat slavernij centraal wat sociaaleconomische politieke maatschappelijke omstandigheden,Historical_colonialism/Slavery,Staat_slavernij.txt
gevangenenarbeid elkaar bestonden duidelijk slavernij los ruimere koloniale geschiedenis gezien boek maakt tegelijk duidelijk echt goed begrip vele dwarsverbanden slavernijgeschiedenis kolonialisme doorwerkingen verricht staat,Historical_colonialism/Slavery,Staat_slavernij.txt
koloniale expansie slavernij staat slavernij betrokkenheid,Historical_colonialism/Slavery,Staat_slavernij.txt
koloniale bestuur gebruikte slavernij andere vormen arbeids dwang corvee gevangenen contractarbeid verschillende atlantische wereld,Historical_colonialism/Slavery,Staat_slavernij.txt
koloniale politiek ten aanzien slavernij strekte zich hele wereld ontwik kelingen verschillende wereld steeds elkaar verbonden koloniale slavernijgeschiedenis sen elkaar zetten vele altijd bestudeerde wisselwerkingen zichtbaar der levert nieuwe manieren kijken verschillende gebieden staan verschillende verhoudingen staat slavernij slavernijverleden,Historical_colonialism/Slavery,Staat_slavernij.txt
zien we er gebieden waar licht amper slavernij republiek waaruit slavernij werd georganiseerd,Historical_colonialism/Slavery,Staat_slavernij.txt
koloniale bestuur gebruikte slavernij voorlopers cultuurstelsel gevangenen contractarbeid cariben,Historical_colonialism/Slavery,Staat_slavernij.txt
sociale culturele verhoudingen ontwikkeling economie werd slavernij bredere kolonialisme diep structureel beïnvloed vroege effecten totstandkoming betrokkenheid slaver nij kolonialisme bijzonder dubbelzijdige effec ten slavernij samenlevingen wereldwijd nodig doorwerkingen transformaties slavernij daaropvolgende inzet andere vormen arbeidsdwang leidde wereldwijd sociaaleconomische maatschappelijke herordeningen basis vormen moderne ongelijkheden diepgaande effect koloniale slavernij samenleving economie bestuur wettelijke afschaf fingen slavenhandel slavernij zomaar verdwenen gang,Historical_colonialism/Slavery,Staat_slavernij.txt
transformaties gang zette kolonialisme waarin slavenhan del slavernij centraal stonden nieuwe manieren waarop kolonialis me georganiseerd werd leidde,Historical_colonialism/Slavery,Staat_slavernij.txt
macht rijkdom beperkt koopmans regentenfamilies mogelijk langdurige ongelijkheden samenleving zelf wijze waarop samenlevingen slavernij kolonialisme hiërarchisch werden ingedeeld creëerde koninkrijk der nederlanden wereldwijd ongelijkheden verschillende manieren langdurig doorwerken,Historical_colonialism/Slavery,Staat_slavernij.txt
gebaseerd intensivering arbeid arbeidsinzet mensen slaaf gemaakt cruciaal slaafmaking regulering wil zeggen vaststelling wie slaaf gemaakt mocht koloniale taal zelfs slaafbaar heid genoemd werd koloniale heerser onderbouwd denk beelden vermeende superioriteit eigen versus inferioriteit gekoloniseerden koloniaal,Historical_colonialism/Slavery,Staat_slavernij.txt
koloniale geschiedenis slavernijgeschiedenis werden gescheiden voorstelling tolerant land vroege democratie moderne economie gedreven vrije ontwikkeling contrasten werden daardoor onzichtbaar middel nieuwe perspectieven proberen zich ontdoen koloniale haast naïeve soms bagatelliserende opstel ling ten opzichte verleden komen scherper zicht geschiedenis doorwerkingen daarvan heden staat slavernij laat zien slavernijverleden zomaar marginale grondslagen koloniale optreden wereldwijd daarmee wijze waarop economie samenleving positie wereld gevormd zo zichtbaar iedereen ongeacht geboorte woon plaats mindere mate verbonden slavernij,Historical_colonialism/Slavery,Staat_slavernij.txt
actualiteit waarin verleden voren komt opvallend momenteel discussies zowel gemeenten elkaar ling voeren inrichting herdenkingen slavernijverleden memoreren waarmee men afschaffing slavernij viert daarbij datum genoemd gaat impliciet trans atlantische slavernij waarin europeanen zestiende negentiende eeuw afrikaanse slaafgemaakten handelswaar arbeidskrachten noord,Historical_colonialism/Slavery,Staat_slavernij.txt
perspectieven gelijke verdeling staat slavernij toont doorwerkingen slavernij,Historical_colonialism/Slavery,Staat_slavernij.txt
staat slavernij pleiten auteurs gebaseerd nauwe samenwerking universitaire andere onderzoeks kennisinstituten archieven musea erfgoedinstellingen organisaties nazaten vervolg staat slavernij later,Historical_colonialism/Slavery,Staat_slavernij.txt
peter meel hans ramsoedh ben haan staat slavernij kroon hoofd pacificatie verzet,Historical_colonialism/Slavery,Staat_slavernij.txt
henri kol noodlijdende kolonie amsterdam alofs slaven plantage respondent auteur geïnterviewd,Historical_colonialism/Slavery,Staat_slavernij.txt
remco raben kijken achterkant slaaf gemaakten beeld slavernij herbezien,Historical_colonialism/Slavery,Staat_slavernij.txt
katholieke kolonie beter zou protestantse kolonie gedebatteerd,Historical_colonialism/Slavery,Staat_slavernij.txt
achterkant slaaf gemaakten beeld slavernij herbezien,Historical_colonialism/Slavery,Staat_slavernij.txt
marronage maritieme marronage marrongemeenschap mercantilisme middelburgsche commercie compagnie mcc middenpassage,Historical_colonialism/Slavery,Staat_slavernij.txt
verschrikkingen slavernij leed lot slaaf gemaakte mensen hele voormalige koninkrijk,Historical_colonialism/Slavery,ketenen.txt
slavernij waaronder hedendaagse slavernij begrepen voorts internationaal wetenschappelijk comité unesco regeringen instituten opgeroepen verantwoordelijkheid nemen slavernijverleden,Historical_colonialism/Slavery,ketenen.txt
bepalend kansen krijgt leven coronacrisis vergroot bestaande kansenongelijkheid sport vele takken sport komt racisme incidenten legio mentale gevolgen spelers groot oerwoudgeluiden,Legacyof_colonialism/Slavery,ketenen.txt
er genomen discriminatie bestrijden daaruit voortvloeiend knvb mijnals ingesteld treffen racisme discriminatie mijnals knvb gevraagd ongevraagd adviseren andere sporten komt er langzamerhand aandacht probleem,Legacyof_inequality/Racism,ketenen.txt
nen ingrijpen werden tweede kamer debat institutioneel racisme drie moties aangenomen waarin werd verzocht instellen nationaal coördinator racisme discriminatie staatscommissie discriminatie,Legacyof_inequality/Racism,ketenen.txt
men sen donkere huidskleur steeds regelmatig racistisch bejegend er steeds kansenongelijkheid grote meerderheid deelnemers panel vond media arbeidsmarkt prioriteit gaat wegnemen,Legacyof_colonialism/Slavery,ketenen.txt
slavernij levend houden andere inzet sociale media vanwege beperkte grootte er nooit grote plantage economie ont staan toch er slavernij bestaan,Historical_colonialism/Slavery,ketenen.txt
licht adviescollege vooral franse wet taubira eruit franse wet taubira waarin trans atlantische slavernij slavernij indische oceaan misdaad men selijkheid gedefinieerd werden zelf veroordelende strafbaar stellende wet ontkennen misdadige karakter slavernij slavenhandel volgens wet,Historical_colonialism/Slavery,ketenen.txt
slavernijverleden hedendaagse erfenissen doorwerkingen daarvan waaronder institutioneel racisme opstelling uitvoering zowel nazaten nazaten slavernij participeren vanuit grassroots perspectief zou meerstemmigheid ten goede komen geschiedenis sociaal economische medisch psychische spiritueel religieuze cultureel politieke aspecten verleden heden betrekking slavernij omvatten bekijk daarbij wijze waarop reeds bestaande instituten ninsee integrale wijze betrokken zodat doublures voorkomen duurzaamheid gewaarborgd,Historical_colonialism/Slavery,ketenen.txt
verschrikkingen slavernij leed lot slaaf gemaakte mensen hele voormalige koninkrijk tula adviesopdracht gevraagd rehabilitatie tula betrekken mede gelet verstrekte adviezen wetenschappers,Historical_colonialism/Slavery,ketenen.txt
aandeel internationale slavernij zie https www npostart nl slavernij poms_s_ntr_125089 episode,Historical_colonialism/Slavery,ketenen.txt
excuses aanbieden ben zelf nooit slavenhouder geweest degene excuses krijgen nooit slaaf geweest,Historical_colonialism/Slavery,ketenen.txt
gemaakten interesse emancipatie slaven koloniën hoewel tweede kabinet slavernij,Historical_colonialism/Slavery,ketenen.txt
noordhoff overigens gaat eens enkel oordeel vanuit nu ten tijde slavernij er altijd verzet kritiek geweest ten aanzien slavernijpraktijk zie,Historical_colonialism/Slavery,ketenen.txt
argument slavernij toen maten nu gemeten daarnaast er serieuze kanttekeningen plaatsen verwante argument ten tijde slavernij legaal juridisch,Historical_colonialism/Slavery,ketenen.txt
soevereiniteit werkzaam organisaties bedrijven particulieren zich destijds slavenhandel slavernij schuldig gemaakt nederlands overheidsgezag onderworpen daardoor bijvoorbeeld dankzij wetgeving staat slavenhandel slavernij,Historical_colonialism/Slavery,ketenen.txt
verder vinden tekst betreffende slavernij slavernij vergelijken praktijken bepalingen grotendeels identiek strafmaat varieert acht twaalf licht alles erkenningswet no brainer toegevoegde waarde,Historical_colonialism/Slavery,ketenen.txt
menselijkheid gaat slavenhandel slavernij direct indirect nederlands gezag vanaf begin 17e eeuw definitieve afschaffing slavernij per facto plaatsgevonden gezag,Historical_colonialism/Slavery,ketenen.txt
slavernij daarvan zouden omvatten erkenning slavernijverleden gevolg zou verankeren menselijke waardigheid datgene zo precies getroffen werd slavernij enigerlei wijze onze grondwet duitse grondwet aanvullende betekenis europees internationaal recht erkenning excuses herstel belangrijkste studie hieronder ter afronding puntsgewijs weergegeven steeds,Historical_colonialism/Slavery,ketenen.txt
vrouwen beschrijft dubbele uitbuiting slaaf gemaakte vrouwen termen geslacht kleur ander verwaarloosd thema geschiedenis slavenkinderen kinderen opgroeiden slavenperiode aandacht gekregen,Historical_colonialism/Slavery,ketenen.txt
opstand orale data slavenopstand verschenen probeert persoonlijke kant slavenopstand voren brengen,Historical_colonialism/Slavery,ketenen.txt
geven slavernij sociale leven slaaf gemaakten vernietigd orkanen verwaarlozing gilmore benoemt verschillende soorten documenten plaatsen waar vinden british library londen,Historical_colonialism/Slavery,ketenen.txt
gemaakte plantage kant eiland werd opstandig beschouwd daar herhaaldelijk probeerde ontsnappen lohkays pogingen ontsnappen plantage ontvoerders werd gepakt teruggebracht plantage waar borsten werd afgesneden straf rebellie waarschuwing andere slaven lohkay werd heel lang one tete lohkay genoemd benaming one tete geschrapt vanwege associatie,Historical_colonialism/Slavery,ketenen.txt
strijd verzet er altijd mensen geweest geprotesteerd actie gekomen er slavernij ondanks alles nieuwe culturen gevormd systeem overleefd,Historical_colonialism/Slavery,ketenen.txt
jongerentaal muziek dans eten er slavernij mensen mogelijke manieren verzet geweest systeem,Historical_colonialism/Slavery,ketenen.txt
slavernij geschiedenis waarmee gemakkelijker identificeren helden verzet onrecht tegelijk maakt relevantie urgentie geschiedenis hier nu kristalhelder wat nederlanders achtergrond,Historical_colonialism/Slavery,ketenen.txt
relatie zou vier eeuwen slavernij vijf eeuwen kolonialisme nu dominante positie,Historical_colonialism/Slavery,ketenen.txt
er slavernij kolonialisme erfenissen doorwerkingen heden zouden bestaan herkend aangepakt zullen toekomstige generaties daarmee worstelen complete financiële compensatie schade,Historical_colonialism/Slavery,ketenen.txt
slavernij gericht afschaffing vormen hedendaagse slavernij internationale herdenkingsdag,Historical_colonialism/Slavery,ketenen.txt
wereldwijde beweging geworden vrijwel landen direct betrokken geweest trans atlantische slavernij slavenmaker slavenkolonie datum waarop slavernij meestal afschaffing ervan herdacht mate waarin verschilt echter enorm ex koloniën surinaamse naam keti koti ketenen,Historical_colonialism/Slavery,ketenen.txt
omgekeerd wie ondersteuning gezegd slavernij locatielanden gemaakt plaatsen waar slavernij zich afgespeeld plantages havens forten opmerkelijk europa slavernijmusea eerder havenplaatsen vinden liverpool bristol nantes bordeaux waar slavenschepen uitvoeren nationale hoofdsteden wat daardoor weer maakt nationale geschiedenis,Historical_colonialism/Slavery,ketenen.txt
meeste musea maken traditionele museale objecten gebouw zelf vaak slavernij functioneel geweest plantage koopmanshuis fort pakhuis er er afdeling tropenmuseum permanent aandacht,Historical_colonialism/Slavery,ketenen.txt
slavernij besteedt er permanente slavernij,Historical_colonialism/Slavery,ketenen.txt
kracht emancipatie focus betekent witte emancipatie namelijk bevrijding ketenen racistische denkwijzen onderzoeksprogramma werken,Historical_colonialism/Slavery,ketenen.txt
slavernij herdenken emancipatie koloniale doorwerkingen aandacht brengt activeert,Historical_colonialism/Slavery,ketenen.txt
genocide uitbuiting evenals kracht verzet erfenissen doorwerkingen wie oog toekomst wil begrijpen doorwerkingen,Historical_colonialism/Slavery,ketenen.txt
europese slavenhandel afrikanen slaven hadden gemaakt misdaad begaan beckles juristen theologen filosofen aangegeven slavenhandel chattel slavery slavernij waarbij mens volledig bezit ander allebei misdaden andere kant bepaalde groepen mening misdaden nationaal belang gepleegd beckles gaf pijn slaaf gemaakten wonden onrecht mensen bleven achtervolgen verzwakte capaciteit zich voelen,Historical_colonialism/Slavery,ketenen.txt
betoogd excuses aangeboden 4d verantwoordelijkheid staat brooks gaf excuses aanbieden wegens slavernijverleden moeilijk gang kwam bezitten slaaf namelijk wettelijk toegestaan activiteiten slavernij gelegaliseerd wetten juridische rechten slavenhouders,Historical_colonialism/Slavery,ketenen.txt
verder medewerking verder bevorderen bovengenoemde activiteiten gebied negatieve invloed trans atlantische slavenhandel eeuwen steeds merkbaar nazaten slaaf gemaakte afrikanen overal wereld huidige post slavernij tijdperk steeds verwacht landen betrokken,Historical_colonialism/Slavery,ketenen.txt
slavernij erkenning aangedaan historisch leed gevolgen heden nadelige gevolgen nageslacht slaaf gemaakte afrikanen anno gaat excuses,Historical_colonialism/Slavery,ketenen.txt
onderdrukten verhaal mensheid mensheid geheel lering trekken zowel verhaal slaven verhaal slavenhandelaars slavenhouders feite wat verenigde naties aangekondigd middels resolutie andere volgende resoluties algemene vergadering waarin kolonialisme manifestaties kolonialisme defakto slavernij slavenhandel misdaden mensheid verklaard gevolg traditionele waarden gebonden slavenverleden vervangen nieuwe waarden kontekst bijvoorbeeld strijd tula gezien mislukking strijd onrecht gepleegd mensheid terwijl verheerlijken voc mentaliteit wic mentaliteit andere verhaal narrative krijgen vn handvest stelt volken gelijk gelijkheid volkeren feite uitgangspunt nieuwe narrative hoe verder inventariseren produceren lesmateriaal oprichten,Historical_colonialism/Slavery,ketenen.txt
